PARENT NAME,VARIETY NAME,SUB-VARIETY,TAGS,PARENT IMAGE,VARIETY IMAGE,,,,,Apples,Braeburn,,fruit,apples_braeburn.jpeg,apples_braeburn.jpegApples,Cortland,,fruit,apples_braeburn.jpeg,apples_cortland.jpegApples,Empire,,fruit,apples_braeburn.jpeg,apples_empire.jpegApples,Fuji,,fruit,apples_braeburn.jpeg,apples_fuji.jpegApples,Gala,,fruit,apples_braeburn.jpeg,apples_gala.jpegApples,Ginger Gold,,fruit,apples_braeburn.jpeg,apples_gingergold.jpegApples,Golden Delicious,,fruit,apples_braeburn.jpeg,apples_goldendelicious.jpegApples,Granny Smith,,fruit,apples_braeburn.jpeg,apples_grannysmith.jpegApples,Honeycrisp,,fruit,apples_braeburn.jpeg,apples_honeycrisp.jpegApples,Idared,,fruit,apples_braeburn.jpeg,apples_idared.jpegApples,Jonagold,,fruit,apples_braeburn.jpeg,apples_jonagold.jpegApples,Jonathan,,fruit,apples_braeburn.jpeg,apples_jonathan.jpegApples,McIntosh,,fruit,apples_braeburn.jpeg,apples_mcintosh.jpegApples,Red Delicious,,fruit,apples_braeburn.jpeg,apples_reddelicious.jpegApples,Rome,,fruit,apples_braeburn.jpeg,apples_rome.jpegApricots,Moorpark,,fruit,apricots.jpeg,apricots_moorpark.jpegApricots,Newcastle,,fruit,apricots.jpeg,apricots_newcastle.jpegApricots,Royal,,fruit,apricots.jpeg,apricots_royal.jpegApriums,,,fruit,apriums.jpeg,apriums.jpegArtichoke,Baby Anzio,,vegetable,artichokes_babyanzio.jpeg,artichokes_babyanzio.jpegArtichoke,Big Heart,,vegetable,artichokes_babyanzio.jpeg,artichokes_bigheart.jpegArtichoke,Cardoon,,vegetable,artichokes_babyanzio.jpeg,Artichoke,Chianti,,vegetable,artichokes_babyanzio.jpeg,Artichoke,Fiesole,,vegetable,artichokes_babyanzio.jpeg,Artichoke,Globe,,vegetable,artichokes_babyanzio.jpeg,Artichoke,Jerusalem,,vegetable,artichokes_babyanzio.jpeg,Artichoke,King,,vegetable,artichokes_babyanzio.jpeg,Artichoke,Mercury,,vegetable,artichokes_babyanzio.jpeg,Artichoke,Omaha,,vegetable,artichokes_babyanzio.jpeg,Artichoke,Siena,,vegetable,artichokes_babyanzio.jpeg,Asparagus,Purple,,vegetable,asparagus_standard.jpeg,Asparagus,Standard,,vegetable,asparagus_standard.jpeg,asparagus_standard.jpegAsparagus,White,,vegetable,asparagus_standard.jpeg,Asparagus,Wild,,vegetable,asparagus_standard.jpeg,Avocado,Bacon,,fruit,avocados_bacon.jpeg,avocados_bacon.jpegAvocados,Fuerte,,fruit,avocados_bacon.jpeg,Avocados,Gwen,,fruit,avocados_bacon.jpeg,Avocados,Hass,,fruit,avocados_bacon.jpeg,Avocados,Lamb Hass,,fruit,avocados_bacon.jpeg,Avocados,Pinkerton,,fruit,avocados_bacon.jpeg,Avocados,Reed,,fruit,avocados_bacon.jpeg,Avocados,Zutano,,fruit,avocados_bacon.jpeg,Bananas,Baby,,fruit,bananas_cavendish.jpeg,bananas_baby.jpegBananas,Burro,,fruit,bananas_cavendish.jpeg,Bananas,Cavendish,,fruit,bananas_cavendish.jpeg,bananas_cavendish.jpegBananas,Manzano,,fruit,bananas_cavendish.jpeg,Bananas,Plantain,,fruit,bananas_cavendish.jpeg,Bananas,Red,,fruit,bananas_cavendish.jpeg,Beets,Red,,vegetable,beets_red.jpeg,beets_red.jpegBeets,Yellow,,vegetable,beets_red.jpeg,Berries,Acai,,fruit,berries.jpeg,berries_acai.jpegBerries,Acerola (Barbados Cherry),,"fruit, tropical",berries.jpeg,Berries,Billberry,,fruit,berries.jpeg,Berries,Blackberry,,fruit,berries.jpeg,Berries,Blueberry,Wild,fruit,berries.jpeg,Berries,Blueberry,,fruit,berries.jpeg,Berries,Boysenberry,,fruit,berries.jpeg,Berries,Chokeberry,Black,fruit,berries.jpeg,Berries,Chokeberry,Red,fruit,berries.jpeg,Berries,Cranberry,,fruit,berries.jpeg,Berries,Currant,Black,fruit,berries.jpeg,Berries,Currant,Red,fruit,berries.jpeg,Berries,Currant,Yellow,fruit,berries.jpeg,Berries,Dewberry,,fruit,berries.jpeg,Berries,Elerberry,,fruit,berries.jpeg,Berries,Goji,,fruit,berries.jpeg,Berries,Gooseberry,,fruit,berries.jpeg,Berries,Huckleberry,,fruit,berries.jpeg,Berries,Juneberry,,fruit,berries.jpeg,Berries,Loganberry,,fruit,berries.jpeg,Berries,Mulberry,,fruit,berries.jpeg,Berries,Raspberry,,fruit,berries.jpeg,Berries,Salmonberry,,fruit,berries.jpeg,Berries,Strawberry,Albion,fruit,berries.jpeg,Berries,Strawberry,Allstar,fruit,berries.jpeg,Berries,Strawberry,Alpine,fruit,berries.jpeg,Berries,Strawberry,Camino Real,fruit,berries.jpeg,Berries,Strawberry,Chandler,fruit,berries.jpeg,Berries,Strawberry,Earliglow,fruit,berries.jpeg,Berries,Strawberry,Fort Laramie,fruit,berries.jpeg,Berries,Strawberry,Garden,fruit,berries.jpeg,Berries,Strawberry,Honeoye,fruit,berries.jpeg,Berries,Strawberry,Jewel,fruit,berries.jpeg,Berries,Strawberry,Ozark Beauty,fruit,berries.jpeg,Berries,Strawberry,Seascape,fruit,berries.jpeg,Berries,Strawberry,Sparkle,fruit,berries.jpeg,Berries,Strawberry,Surecrop,fruit,berries.jpeg,Berries,Strawberry,Tristar,fruit,berries.jpeg,Broccoli,Chinese,,"vegetable, asian",broccoli_standard.jpeg,broccoli_chinese.jpegBroccoli,Purple,,vegetable,broccoli_standard.jpeg,Broccoli,Raab (Rapini),,vegetable,broccoli_standard.jpeg,Broccoli,Standard,,vegetable,broccoli_standard.jpeg,broccoli_standard.jpegCabbages,Bok Choy,Golden,"vegetable, asian",cabbages_green.jpeg,cabbages_bokchoy.jpegCabbages,Bok Choy,Green Stem,"vegetable, asian",cabbages_green.jpeg,Cabbages,Bok Choy,Purple ,"vegetable, asian",cabbages_green.jpeg,Cabbages,Bok Choy,Red,"vegetable, asian",cabbages_green.jpeg,Cabbages,Bok Choy,Shanghai,"vegetable, asian",cabbages_green.jpeg,Cabbages,Bok Choy,Tatsoi,"vegetable, asian",cabbages_green.jpeg,Cabbages,Bok Choy,Toy Choy,"vegetable, asian",cabbages_green.jpeg,Cabbages,Brussels Sprouts,Green,vegetable,cabbages_green.jpeg,Cabbages,Brussels Sprouts,Purple,vegetable,cabbages_green.jpeg,Cabbages,Green,,vegetable,cabbages_green.jpeg,cabbages_green.jpegCabbages,Napa,,"vegetable, asian",cabbages_green.jpeg,Cabbages,Red,,vegetable,cabbages_green.jpeg,Cabbages,Savoy,,"vegetable, asian",cabbages_green.jpeg,Capers,Berry,,garnish,capers_berry.jpeg,capers_berry.jpegCapers,Bud,,garnish,capers_berry.jpeg,Carrots,Golden,,vegetable,carrots_imperator.jpeg,Carrots,Imperator,,vegetable,carrots_imperator.jpeg,carrots_imperator.jpegCarrots,Miniature,,vegetable,carrots_imperator.jpeg,Carrots,Purple,,vegetable,carrots_imperator.jpeg,Carrots,Red,,vegetable,carrots_imperator.jpeg,Carrots,Thinnings,,vegetable,carrots_imperator.jpeg,Cauliflower,Green,,vegetable,cauliflower_white.jpeg,Cauliflower,Orange,,vegetable,cauliflower_white.jpeg,Cauliflower,Purple,,vegetable,cauliflower_white.jpeg,Cauliflower,Romanesco,,vegetable,cauliflower_white.jpeg,Cauliflower,White,,vegetable,cauliflower_white.jpeg,cauliflower_white.jpegCelery,Leaf,,vegetable,celery_standard.jpeg,Celery,Smallage,,vegetable,celery_standard.jpeg,Celery,Standard,,vegetable,celery_standard.jpeg,celery_standard.jpegCereals,Amaranth,,grain,cereals.jpeg,Cereals,Barley,,grain,cereals.jpeg,Cereals,Buckwheat,,grain,cereals.jpeg,Cereals,Bulgur,,grain,cereals.jpeg,Cereals,Farro,,grain,cereals.jpeg,Cereals,Grano,,grain,cereals.jpeg,Cereals,Kamut,,grain,cereals.jpeg,Cereals,Kaniwa,,grain,cereals.jpeg,Cereals,Millet,,grain,cereals.jpeg,Cereals,Oats,,grain,cereals.jpeg,Cereals,Quinoa,,grain,cereals.jpeg,Cereals,Rice,Arborio,rice,cereals.jpeg,Cereals,Rice,California Medium Grain,rice,cereals.jpeg,Cereals,Rice,California Mochi,rice,cereals.jpeg,Cereals,Rice,Indian Basmati,rice,cereals.jpeg,Cereals,Rice,Japanese,rice,cereals.jpeg,Cereals,Rice,Southern Long Grain,rice,cereals.jpeg,Cereals,Rice,Southern Medium Grain,rice,cereals.jpeg,Cereals,Rice,Thai Jasmine,rice,cereals.jpeg,Cereals,Rice,Wild,rice,cereals.jpeg,Cereals,Rye,,grain,cereals.jpeg,Cereals,Sorghum (Milo),,grain,cereals.jpeg,Cereals,Spelt,,grain,cereals.jpeg,Cereals,Teff,,grain,cereals.jpeg,Cereals,Triticale,,grain,cereals.jpeg,Cereals,Wheat,,grain,cereals.jpeg,Cherries,Sour,Early Richmond,fruit,cherries.jpeg,Cherries,Sour,English Morello,fruit,cherries.jpeg,Cherries,Sour,Meteor,fruit,cherries.jpeg,Cherries,Sour,Montmorency,fruit,cherries.jpeg,Cherries,Sour,Morello,fruit,cherries.jpeg,Cherries,Sour,North Star,fruit,cherries.jpeg,Cherries,Sweet,Bing,fruit,cherries.jpeg,Cherries,Sweet,Black Tartarian,fruit,cherries.jpeg,Cherries,Sweet,Brooks,fruit,cherries.jpeg,Cherries,Sweet,Burlat,fruit,cherries.jpeg,Cherries,Sweet,Chelan,fruit,cherries.jpeg,Cherries,Sweet,Chinook,fruit,cherries.jpeg,Cherries,Sweet,Collosal,fruit,cherries.jpeg,Cherries,Sweet,Compact Lambert,fruit,cherries.jpeg,Cherries,Sweet,Corum,fruit,cherries.jpeg,Cherries,Sweet,Early Burlat,fruit,cherries.jpeg,Cherries,Sweet,Emperor Francis,fruit,cherries.jpeg,Cherries,Sweet,God,fruit,cherries.jpeg,Cherries,Sweet,Hedelfingen,fruit,cherries.jpeg,Cherries,Sweet,Hudson,fruit,cherries.jpeg,Cherries,Sweet,Lambert,fruit,cherries.jpeg,Cherries,Sweet,Lapin,fruit,cherries.jpeg,Cherries,Sweet,Larian,fruit,cherries.jpeg,Cherries,Sweet,Napoleon,fruit,cherries.jpeg,Cherries,Sweet,Rainier,fruit,cherries.jpeg,Cherries,Sweet,Red Lack,fruit,cherries.jpeg,Cherries,Sweet,Sam,fruit,cherries.jpeg,Cherries,Sweet,Schmidt,fruit,cherries.jpeg,Cherries,Sweet,Stella,fruit,cherries.jpeg,Cherries,Sweet,Tulare,fruit,cherries.jpeg,Cherries,Sweet,Ulster,fruit,cherries.jpeg,Cherries,Sweet,Vista,fruit,cherries.jpeg,Cherries,Sweet,Windsor,fruit,cherries.jpeg,Citrons,Bajoura,,"fruit, citrus",citrons_fingered.jpeg,Citrons,Balady,,"fruit, citrus",citrons_fingered.jpeg,Citrons,Brain,,"fruit, citrus",citrons_fingered.jpeg,Citrons,Braverman,,"fruit, citrus",citrons_fingered.jpeg,Citrons,Buddha's Hand (Fingered),,"fruit, citrus",citrons_fingered.jpeg,citrons_fingered.jpegCitrons,Cedruna,,"fruit, citrus",citrons_fingered.jpeg,Citrons,Corsican,,"fruit, citrus",citrons_fingered.jpeg,Citrons,Diamante,,"fruit, citrus",citrons_fingered.jpeg,Citrons,Etrog,,"fruit, citrus",citrons_fingered.jpeg,Citrons,Halperin,,"fruit, citrus",citrons_fingered.jpeg,Citrons,Italian,,"fruit, citrus",citrons_fingered.jpeg,Citrons,Kivelevitz,,"fruit, citrus",citrons_fingered.jpeg,Citrons,Lefkowitz,,"fruit, citrus",citrons_fingered.jpeg,Citrons,Mexican,,"fruit, citrus",citrons_fingered.jpeg,Citrons,Moroccan,,"fruit, citrus",citrons_fingered.jpeg,Citrons,Odorata,,"fruit, citrus",citrons_fingered.jpeg,Citrons,Siciliam,,"fruit, citrus",citrons_fingered.jpeg,Citrons,Yemen,,"fruit, citrus",citrons_fingered.jpeg,Citrons,Yunnan,,"fruit, citrus",citrons_fingered.jpeg,Corn,Augmented Supersweet,Bicolor,vegetable,corn.jpeg,Corn,Augmented Supersweet,White,vegetable,corn.jpeg,Corn,Augmented Supersweet,Yellow,vegetable,corn.jpeg,Corn,Popcorn,,vegetable,corn.jpeg,Corn,Standard Sweet (su),Bicolor,vegetable,corn.jpeg,Corn,Standard Sweet (su),Multicolor,vegetable,corn.jpeg,Corn,Standard Sweet (su),White,vegetable,corn.jpeg,Corn,Standard Sweet (su),Yellow,vegetable,corn.jpeg,Corn,Sugary Extender (se),Bicolor,vegetable,corn.jpeg,Corn,Sugary Extender (se),Red,vegetable,corn.jpeg,Corn,Sugary Extender (se),White,vegetable,corn.jpeg,Corn,Sugary Extender (se),Yellow,vegetable,corn.jpeg,Corn,Supersweet (sh2),Bicolor,vegetable,corn.jpeg,Corn,Supersweet (sh2),White,vegetable,corn.jpeg,Corn,Supersweet (sh2),Yellow,vegetable,corn.jpeg,Corn,Synergistic (sy),Bicolor,vegetable,corn.jpeg,Corn,Synergistic (sy),White,vegetable,corn.jpeg,Corn,Synergistic (sy),Yellow,vegetable,corn.jpeg,Cress,Garden,,vegetable,cress_water.jpeg,Cress,Korean Water,,"vegetable, asian",cress_water.jpeg,Cress,Nasturtium,,vegetable,cress_water.jpeg,Cress,Upland,,vegetable,cress_water.jpeg,Cress,Water,,vegetable,cress_water.jpeg,cress_water.jpegCucumbers,Armenian,,vegetable,cucumbers_english.jpeg,Cucumbers,Chinese,,vegetable,cucumbers_english.jpeg,Cucumbers,English,,vegetable,cucumbers_english.jpeg,cucumbers_english.jpegCucumbers,Garden,,vegetable,cucumbers_english.jpeg,Cucumbers,Gherkin (West Indian),,vegetable,cucumbers_english.jpeg,Cucumbers,Kirby,,vegetable,cucumbers_english.jpeg,Cucumbers,Lemon,,vegetable,cucumbers_english.jpeg,Cucumbers,Persian,,vegetable,cucumbers_english.jpeg,Edible Flowers,Chamomile,,garnish,edibleflowers_marigold.jpeg,Edible Flowers,Chrysanthemum,,garnish,edibleflowers_marigold.jpeg,Edible Flowers,Citrus Blossom,,garnish,edibleflowers_marigold.jpeg,Edible Flowers,Clover,,garnish,edibleflowers_marigold.jpeg,Edible Flowers,Daisy,,garnish,edibleflowers_marigold.jpeg,Edible Flowers,Dandelion,,garnish,edibleflowers_marigold.jpeg,edibleflowers_marigold.jpegEdible Flowers,Daylily,,garnish,edibleflowers_marigold.jpeg,Edible Flowers,Ice Plant,,garnish,edibleflowers_marigold.jpeg,Edible Flowers,Jasmine,,garnish,edibleflowers_marigold.jpeg,Edible Flowers,Lilac,,garnish,edibleflowers_marigold.jpeg,Edible Flowers,Marigold,,garnish,edibleflowers_marigold.jpeg,Edible Flowers,Nasturtium,,garnish,edibleflowers_marigold.jpeg,Edible Flowers,Pansy,,garnish,edibleflowers_marigold.jpeg,Edible Flowers,Rampion,,garnish,edibleflowers_marigold.jpeg,Edible Flowers,Rose,,garnish,edibleflowers_marigold.jpeg,Edible Flowers,Squash Blossom,,garnish,edibleflowers_marigold.jpeg,Edible Flowers,Sunflower,,garnish,edibleflowers_marigold.jpeg,Edible Flowers,Violet,,garnish,edibleflowers_marigold.jpeg,Eggplants,Albino,,vegetable,eggplants_blackbeauty.jpeg,Eggplants,Black Beauty,,vegetable,eggplants_blackbeauty.jpeg,eggplants_blackbeauty.jpegEggplants,Black Bell,,vegetable,eggplants_blackbeauty.jpeg,Eggplants,Black Magic,,vegetable,eggplants_blackbeauty.jpeg,Eggplants,Chinese,,"vegetable, asian",eggplants_blackbeauty.jpeg,Eggplants,Indian,,"vegetable, asian",eggplants_blackbeauty.jpeg,Eggplants,Italian,,vegetable,eggplants_blackbeauty.jpeg,Eggplants,Japanese,,"vegetable, asian",eggplants_blackbeauty.jpeg,Eggplants,Sicilian,,vegetable,eggplants_blackbeauty.jpeg,Eggplants,Thai,,"vegetable, asian",eggplants_blackbeauty.jpeg,Eggplants,White Beauty,,vegetable,eggplants_blackbeauty.jpeg,Figs,Black Mission,,fruit,figs_blackmission.jpeg,figs_blackmission.jpegFigs,Brown Turkey,,fruit,figs_blackmission.jpeg,Figs,Calimyrna,,fruit,figs_blackmission.jpeg,Figs,Kadota,,fruit,figs_blackmission.jpeg,Figs,King,,fruit,figs_blackmission.jpeg,Figs,Sierra,,fruit,figs_blackmission.jpeg,Grapefruit,Duncan,,"fruit, citrus",grapefruit_rubyred.jpeg,Grapefruit,Flame,,"fruit, citrus",grapefruit_rubyred.jpeg,Grapefruit,Marsh,,"fruit, citrus",grapefruit_rubyred.jpeg,Grapefruit,Melogold,,"fruit, citrus",grapefruit_rubyred.jpeg,Grapefruit,Orcoblanco,,"fruit, citrus",grapefruit_rubyred.jpeg,Grapefruit,Pomelo,,"fruit, citrus",grapefruit_rubyred.jpeg,Grapefruit,Rio red,,"fruit, citrus",grapefruit_rubyred.jpeg,Grapefruit,Ruby Red (Redblush),,"fruit, citrus",grapefruit_rubyred.jpeg,grapefruit_rubyred.jpegGrapefruit,Star Ruby,,"fruit, citrus",grapefruit_rubyred.jpeg,Grapes,Autumn King,,fruit,grapes.jpeg,Grapes,Autumn Royal,,fruit,grapes.jpeg,Grapes,Black Corinth (Champagne),,fruit,grapes.jpeg,Grapes,Black Monukka,,fruit,grapes.jpeg,Grapes,Bronx,,fruit,grapes.jpeg,Grapes,Cardinal,,fruit,grapes.jpeg,Grapes,Concord,,fruit,grapes.jpeg,Grapes,Crimson Seedless,,fruit,grapes.jpeg,Grapes,Emperor,,fruit,grapes.jpeg,Grapes,Flame Seedless,,fruit,grapes.jpeg,Grapes,Muscadine Grape,,fruit,grapes.jpeg,Grapes,Muscat,,fruit,grapes.jpeg,Grapes,Perlette,,fruit,grapes.jpeg,Grapes,Princess,,fruit,grapes.jpeg,Grapes,Red Flame,,fruit,grapes.jpeg,Grapes,Red Globe,,fruit,grapes.jpeg,Grapes,Ribier,,fruit,grapes.jpeg,Grapes,Ruby Seedless,,fruit,grapes.jpeg,Grapes,Scarlet Royal,,fruit,grapes.jpeg,Grapes,Sugarone,,fruit,grapes.jpeg,Grapes,Summer Royal,,fruit,grapes.jpeg,Grapes,Thompson Seedless,,fruit,grapes.jpeg,Grapes,Vintage Red,,fruit,grapes.jpeg,Green Beans,Chinese Long Beans,,"vegetable, asian",greenbeans_standard.jpeg,Green Beans,Standard,,vegetable,greenbeans_standard.jpeg,greenbeans_standard.jpegGreen Beans,Haricot Verts,,vegetable,greenbeans_standard.jpeg,Green Beans,Purple,,vegetable,greenbeans_standard.jpeg,Green Beans,Romano,,vegetable,greenbeans_standard.jpeg,Green Beans,Soy,,vegetable,greenbeans_standard.jpeg,Green Beans,Yellow,,vegetable,greenbeans_standard.jpeg,Greens,Black Nightshade,,"vegetable, leaf greens",greens_collard.jpeg,Greens,Broccoli,,"vegetable, leaf greens",greens_collard.jpeg,Greens,Caper,,"vegetable, leaf greens",greens_collard.jpeg,Greens,Celtuce,,"vegetable, leaf greens",greens_collard.jpeg,Greens,Charlock,,"vegetable, leaf greens",greens_collard.jpeg,Greens,Chaya,,"vegetable, leaf greens",greens_collard.jpeg,Greens,Collard,,"vegetable, leaf greens",greens_collard.jpeg,greens_collard.jpegGreens,Dandelion,,"vegetable, leaf greens",greens_collard.jpeg,Greens,Fennel,,"vegetable, leaf greens",greens_collard.jpeg,Greens,Lamb's Quarters,,"vegetable, leaf greens",greens_collard.jpeg,Greens,Lovage,,"vegetable, leaf greens",greens_collard.jpeg,Greens,Mache,,"vegetable, leaf greens",greens_collard.jpeg,Greens,Mizuna,,"vegetable, leaf greens, asian",greens_collard.jpeg,Greens,Mustard,,"vegetable, leaf greens",greens_collard.jpeg,Greens,Pokeweed,,"vegetable, leaf greens",greens_collard.jpeg,Greens,Purslane,,vegetable,greens_collard.jpeg,Greens,Rampion,,"vegetable, leaf greens",greens_collard.jpeg,Greens,Rhubarb,,"vegetable, leaf greens",greens_collard.jpeg,Greens,Roselle,,"vegetable, leaf greens",greens_collard.jpeg,Greens,Sea Kale,,"vegetable, leaf greens",greens_collard.jpeg,Greens,"Sorrel, Garden",,"vegetable, leaf greens",greens_collard.jpeg,Greens,"Sorrel, Wild",,"vegetable, leaf greens",greens_collard.jpeg,Greens,Thistle,,"vegetable, leaf greens",greens_collard.jpeg,Greens,Turnip,,"vegetable, leaf greens",greens_collard.jpeg,Greens,Wild Leek,,"vegetable, leaf greens",greens_collard.jpeg,Guavas,Beaumont Red,,"fruit, tropical",guava_redindian.jpeg,Guavas,Hong Kong Pink,,"fruit, tropical",guava_redindian.jpeg,Guavas,Mexican Cream,,"fruit, tropical",guava_redindian.jpeg,Guavas,Pear,,"fruit, tropical",guava_redindian.jpeg,Guavas,Pineapple,,"fruit, tropical",guava_redindian.jpeg,Guavas,Red Indian,,"fruit, tropical",guava_redindian.jpeg,guava_redindian.jpegGuavas,Red Malaysian,,"fruit, tropical",guava_redindian.jpeg,Guavas,Ruby,,"fruit, tropical",guava_redindian.jpeg,Guavas,South African,,"fruit, tropical",guava_redindian.jpeg,Guavas,Strawberry,,"fruit, tropical",guava_redindian.jpeg,Guavas,Thai Maroon,,"fruit, tropical",guava_redindian.jpeg,Guavas,Tropical Pink,,"fruit, tropical",guava_redindian.jpeg,Guavas,White African,,"fruit, tropical",guava_redindian.jpeg,Herbs,Angelica,,"garnish, seasoning",herbs.jpeg,Herbs,Anise,,"garnish, seasoning",herbs.jpeg,Herbs,Basil,Genovese,"garnish, seasoning",herbs.jpeg,Herbs,Basil,Lemon,"garnish, seasoning",herbs.jpeg,Herbs,Basil,Lettuce Leaf,"garnish, seasoning",herbs.jpeg,Herbs,Basil,Mammoth,"garnish, seasoning",herbs.jpeg,Herbs,Basil,Sweet,"garnish, seasoning",herbs.jpeg,Herbs,Basil,Thai (Holy),"garnish, seasoning",herbs.jpeg,Herbs,Bay Laurel,,"garnish, seasoning",herbs.jpeg,Herbs,Chives,,"garnish, seasoning",herbs.jpeg,Herbs,Cilantro,,"garnish, seasoning",herbs.jpeg,Herbs,Comfrey,,"garnish, seasoning",herbs.jpeg,Herbs,Dill,,"garnish, seasoning",herbs.jpeg,Herbs,Fennel,,"garnish, seasoning",herbs.jpeg,Herbs,Garlic,,"garnish, seasoning",herbs.jpeg,Herbs,Lavender,,"garnish, seasoning",herbs.jpeg,Herbs,Lemon Balm,,"garnish, seasoning",herbs.jpeg,Herbs,Lemon Verbena,,"garnish, seasoning",herbs.jpeg,Herbs,Marjoram,,"garnish, seasoning",herbs.jpeg,Herbs,Mint,Apple,"garnish, seasoning",herbs.jpeg,Herbs,Mint,Chocolate,"garnish, seasoning",herbs.jpeg,Herbs,Mint,Corsican,"garnish, seasoning",herbs.jpeg,Herbs,Mint,Curly,"garnish, seasoning",herbs.jpeg,Herbs,Mint,Ginger,"garnish, seasoning",herbs.jpeg,Herbs,Mint,Julep,"garnish, seasoning",herbs.jpeg,Herbs,Mint,Orange,"garnish, seasoning",herbs.jpeg,Herbs,Mint,Peppermint,"garnish, seasoning",herbs.jpeg,Herbs,Mint,Pineapple,"garnish, seasoning",herbs.jpeg,Herbs,Mint,Spearmint,"garnish, seasoning",herbs.jpeg,Herbs,Mint,Standard,"garnish, seasoning",herbs.jpeg,Herbs,Oregano,,"garnish, seasoning",herbs.jpeg,Herbs,Paprika,,"garnish, seasoning",herbs.jpeg,Herbs,Parsley,Curly Leaf,"garnish, seasoning",herbs.jpeg,Herbs,Parsley,Flat Leaf,"garnish, seasoning",herbs.jpeg,Herbs,Rosemary,,"garnish, seasoning",herbs.jpeg,Herbs,Saffron,,"garnish, seasoning",herbs.jpeg,Herbs,Sage,,"garnish, seasoning",herbs.jpeg,Herbs,Savory,,"garnish, seasoning",herbs.jpeg,Herbs,Star Anise,,"garnish, seasoning",herbs.jpeg,Herbs,Tarragon,,"garnish, seasoning",herbs.jpeg,Herbs,Thyme,English,"garnish, seasoning",herbs.jpeg,Herbs,Thyme,Lemon,"garnish, seasoning",herbs.jpeg,Herbs,Thyme,Silver,"garnish, seasoning",herbs.jpeg,Jujube,Jin,,"fruit, exotic",jujube.jpeg,Jujube,Lang,,"fruit, exotic",jujube.jpeg,Jujube,Li,,"fruit, exotic",jujube.jpeg,Jujube,Shan Xi Li,,"fruit, exotic",jujube.jpeg,Jujube,Sherwood,,"fruit, exotic",jujube.jpeg,Jujube,So,,"fruit, exotic",jujube.jpeg,Jujube,Sugar Cane,,"fruit, exotic",jujube.jpeg,Jujube,Xu Zhou,,"fruit, exotic",jujube.jpeg,Kale,Curly,,"vegetable, leaf greens",kale_curly.jpeg,kale_curly.jpegKale,Nero,,"vegetable, leaf greens",kale_curly.jpeg,Kale,Red Russian,,"vegetable, leaf greens",kale_curly.jpeg,Kiwis,,,fruit,kiwi.jpeg,Kumquats,Oval,,"fruit, citrus",kumquats_oval.jpeg,kumquats_oval.jpegKumquats,Round,,"fruit, citrus",kumquats_oval.jpeg,Lemons,Avalon,,"fruit, citrus",lemons_eureka.jpeg,Lemons,Bush,,"fruit, citrus",lemons_eureka.jpeg,Lemons,Dorshapo,,"fruit, citrus",lemons_eureka.jpeg,Lemons,Eureka,,"fruit, citrus",lemons_eureka.jpeg,lemons_eureka.jpegLemons,Limetta,,"fruit, citrus",lemons_eureka.jpeg,Lemons,Lisbon,,"fruit, citrus",lemons_eureka.jpeg,Lemons,Meyer,,"fruit, citrus",lemons_eureka.jpeg,Lemons,Ponderosa,,"fruit, citrus",lemons_eureka.jpeg,Lemons,Verna,,"fruit, citrus",lemons_eureka.jpeg,Lettuce,Arrugula,,"vegetable, leaf greens",lettuce.jpeg,Lettuce,Butterhead,Green,"vegetable, leaf greens",lettuce.jpeg,Lettuce,Butterhead,Red,"vegetable, leaf greens",lettuce.jpeg,Lettuce,"Endive, Belgian",,"vegetable, leaf greens",lettuce.jpeg,Lettuce,"Endive, Broad-Leaved",,"vegetable, leaf greens",lettuce.jpeg,Lettuce,Esacrole,,"vegetable, leaf greens",lettuce.jpeg,Lettuce,Frisee (Curly Endive),,"vegetable, leaf greens",lettuce.jpeg,Lettuce,Iceberg,,"vegetable, leaf greens",lettuce.jpeg,Lettuce,Mesclun,,"vegetable, leaf greens",lettuce.jpeg,Lettuce,Oak Leaf,Green,"vegetable, leaf greens",lettuce.jpeg,Lettuce,Oak Leaf,Red,"vegetable, leaf greens",lettuce.jpeg,Lettuce,Radicchio,,"vegetable, leaf greens",lettuce.jpeg,Lettuce,Romaine,,"vegetable, leaf greens",lettuce.jpeg,Limes,Bearss (Persian),,"fruit, citrus",limes.jpeg,Limes,Kafir,,"fruit, citrus",limes.jpeg,Limes,Limequat,,"fruit, citrus",limes.jpeg,Limes,Mexican (Key),,"fruit, citrus",limes.jpeg,Limes,Mexican Sweet,,"fruit, citrus",limes.jpeg,Limes,Pastestine Sweet,,"fruit, citrus",limes.jpeg,Limes,Rangpur,,"fruit, citrus",limes.jpeg,Limes,Thornless Mexican,,"fruit, citrus",limes.jpeg,Loquat,,,"fruit, exotic",loquat.jpeg,Malanga,,,"vegetable, exotic",malanga.jpeg,Mandarins,Clementines,,"fruit, citrus",mandarins.jpeg,Mandarins,Common,,"fruit, citrus",mandarins.jpeg,Mandarins,King,,"fruit, citrus",mandarins.jpeg,Mandarins,Mediterranean,,"fruit, citrus",mandarins.jpeg,Mandarins,Satsumas,,"fruit, citrus",mandarins.jpeg,Mandarins,Tangelos,,"fruit, citrus",mandarins.jpeg,Mandarins,Tangerines,,"fruit, citrus",mandarins.jpeg,Mandarins,Tangors,,"fruit, citrus",mandarins.jpeg,Mangos,Ataulfo,,"fruit, tropical",mangos_haden.jpeg,Mangos,Francis,,"fruit, tropical",mangos_haden.jpeg,Mangos,Haden,,"fruit, tropical",mangos_haden.jpeg,mangos_haden.jpegMangos,Keitt,,"fruit, tropical",mangos_haden.jpeg,Mangos,Kent,,"fruit, tropical",mangos_haden.jpeg,Mangos,Tommy Atkins,,"fruit, tropical",mangos_haden.jpeg,Melons,Canary,,fruit,melons.jpeg,Melons,Casaba,,"fruit, exotic",melons.jpeg,Melons,European Cantaloupe,,fruit,melons.jpeg,Melons,Honeydew,,fruit,melons.jpeg,Melons,Horned Melon,,"fruit, exotic",melons.jpeg,Melons,Japanese,,"fruit, exotic, asian",melons.jpeg,Melons,Korean,,"fruit, exotic, asian",melons.jpeg,Melons,Momordica (Bitter Melon),,"fruit, exotic",melons.jpeg,Melons,North American Cantaloupe,,fruit,melons.jpeg,Melons,Persian,,"fruit, exotic",melons.jpeg,Melons,Tiger,,fruit,melons.jpeg,Melons,Watermelon,,fruit,melons.jpeg,Misc. Tropical Fruits,Atemoya,,"fruit, tropical",misctropicalfruits.jpeg,Misc. Tropical Fruits,Carambola (Star Fruit),,"fruit, tropical",misctropicalfruits.jpeg,Misc. Tropical Fruits,Chayote,,"fruit, tropical",misctropicalfruits.jpeg,Misc. Tropical Fruits,Jaboticaba,,"fruit, tropical",misctropicalfruits.jpeg,Misc. Tropical Fruits,Jackfruit,,"fruit, tropical",misctropicalfruits.jpeg,Misc. Tropical Fruits,Longan,,"fruit, tropical",misctropicalfruits.jpeg,Misc. Tropical Fruits,Lychee,,"fruit, tropical",misctropicalfruits.jpeg,Misc. Tropical Fruits,Mamey Sapote,,"fruit, tropical",misctropicalfruits.jpeg,Misc. Tropical Fruits,Naranjillo,,"fruit, tropical",misctropicalfruits.jpeg,Misc. Tropical Fruits,Passion Fruit,,"fruit, tropical",misctropicalfruits.jpeg,Misc. Tropical Fruits,Pitaya (dragon fruit),,"fruit, tropical",misctropicalfruits.jpeg,Misc. Tropical Fruits,Sapodilla,,"fruit, tropical",misctropicalfruits.jpeg,Misc. Tropical Fruits,Sapote,,"fruit, tropical",misctropicalfruits.jpeg,Misc. Tropical Fruits,Spondias,,"fruit, tropical",misctropicalfruits.jpeg,Misc. Tropical Fruits,Sugar Apple,,"fruit, tropical",misctropicalfruits.jpeg,Mushrooms,Bear Tooth,,"fungi, garnish",mushrooms_crimini.jpeg,Mushrooms,Black Truffle,,"fungi, garnish",mushrooms_crimini.jpeg,Mushrooms,Black Trumpet,,"fungi, garnish",mushrooms_crimini.jpeg,Mushrooms,Bluefoot,,"fungi, garnish",mushrooms_crimini.jpeg,Mushrooms,Brown Beech,,"fungi, garnish",mushrooms_crimini.jpeg,Mushrooms,Caesar's,,"fungi, garnish",mushrooms_crimini.jpeg,Mushrooms,Cauliflower,,"fungi, garnish",mushrooms_crimini.jpeg,Mushrooms,Chaga,,"fungi, garnish",mushrooms_crimini.jpeg,Mushrooms,Chanterelle,,"fungi, garnish",mushrooms_crimini.jpeg,Mushrooms,Chicken of the Woods,,"fungi, garnish",mushrooms_crimini.jpeg,Mushrooms,Chicken of the Woods,,"fungi, garnish",mushrooms_crimini.jpeg,Mushrooms,Crimini,,"fungi, garnish",mushrooms_crimini.jpeg,mushrooms_crimini.jpegMushrooms,Enoki,,"fungi, garnish",mushrooms_crimini.jpeg,Mushrooms,Enokitake,,"fungi, garnish",mushrooms_crimini.jpeg,Mushrooms,Giant Puffball,,"fungi, garnish",mushrooms_crimini.jpeg,Mushrooms,Hedgehog,,"fungi, garnish",mushrooms_crimini.jpeg,Mushrooms,King Oyster,,"fungi, garnish",mushrooms_crimini.jpeg,Mushrooms,King Trumpet,,"fungi, garnish",mushrooms_crimini.jpeg,Mushrooms,Lion's Mane,,"fungi, garnish",mushrooms_crimini.jpeg,Mushrooms,Lobster,,"fungi, garnish",mushrooms_crimini.jpeg,Mushrooms,Maitake,,"fungi, garnish",mushrooms_crimini.jpeg,Mushrooms,Matsutake,,"fungi, garnish",mushrooms_crimini.jpeg,Mushrooms,Morel,,"fungi, garnish",mushrooms_crimini.jpeg,Mushrooms,Nameko,,"fungi, garnish",mushrooms_crimini.jpeg,Mushrooms,Oyster,,"fungi, garnish",mushrooms_crimini.jpeg,Mushrooms,Pink Oyster,,"fungi, garnish",mushrooms_crimini.jpeg,Mushrooms,Porcini,,"fungi, garnish",mushrooms_crimini.jpeg,Mushrooms,Portabello,,"fungi, garnish",mushrooms_crimini.jpeg,Mushrooms,Portabello,Baby,"fungi, garnish",mushrooms_crimini.jpeg,Mushrooms,Reishi,,"fungi, garnish",mushrooms_crimini.jpeg,Mushrooms,Shaggy Mane,,"fungi, garnish",mushrooms_crimini.jpeg,Mushrooms,Shiitake,,"fungi, garnish",mushrooms_crimini.jpeg,Mushrooms,Turkey Tail,,"fungi, garnish",mushrooms_crimini.jpeg,Mushrooms,White Button,,"fungi, garnish",mushrooms_crimini.jpeg,Mushrooms,White Truffle,,"fungi, garnish",mushrooms_crimini.jpeg,Mushrooms,Wood Ear,,"fungi, garnish",mushrooms_crimini.jpeg,Mushrooms,Yellow Foot,,"fungi, garnish",mushrooms_crimini.jpeg,Nectarines,Doughnut,,fruit,nectarines_yellow.jpeg,Nectarines,Dwarf,,fruit,nectarines_yellow.jpeg,Nectarines,White,,fruit,nectarines_yellow.jpeg,Nectarines,Yellow,,fruit,nectarines_yellow.jpeg,nectarines_yellow.jpegNuts,Acorn,,,nuts.jpeg,Nuts,Almond,,,nuts.jpeg,Nuts,Bambara groundnut,,,nuts.jpeg,Nuts,Beech,,,nuts.jpeg,Nuts,Brazil,,,nuts.jpeg,Nuts,Butternut,,,nuts.jpeg,Nuts,Cacao,,,nuts.jpeg,Nuts,Candle,,,nuts.jpeg,Nuts,Cashew,,,nuts.jpeg,Nuts,Chestnut,,,nuts.jpeg,Nuts,Ginkgo,,,nuts.jpeg,Nuts,Hazelnut,,,nuts.jpeg,Nuts,Hickory,,,nuts.jpeg,Nuts,Kola,,,nuts.jpeg,Nuts,Lychee,,,nuts.jpeg,Nuts,Macadamia,,,nuts.jpeg,Nuts,Maya,,,nuts.jpeg,Nuts,Nutmeg,,,nuts.jpeg,Nuts,Peanut,,,nuts.jpeg,Nuts,Pecan,,,nuts.jpeg,Nuts,Pine,,,nuts.jpeg,Nuts,Pistachio,,,nuts.jpeg,Nuts,Walnut,,,nuts.jpeg,Okra,Annie Oakley,,vegetable,okra_emerald.jpeg,Okra,Chinese,,"vegetable, asian",okra_emerald.jpeg,Okra,Clemson,,vegetable,okra_emerald.jpeg,Okra,Emerald,,vegetable,okra_emerald.jpeg,okra_emerald.jpegOkra,Purple,,vegetable,okra_emerald.jpeg,Olives,Arbequina,,"seasoning, garnish",olives.jpeg,Olives,Arbosana,,"seasoning, garnish",olives.jpeg,Olives,Ascolano,,"seasoning, garnish",olives.jpeg,Olives,Barouni,,"seasoning, garnish",olives.jpeg,Olives,California Sevillano,,"seasoning, garnish",olives.jpeg,Olives,Frantoio,,"seasoning, garnish",olives.jpeg,Olives,Koroneiki,,"seasoning, garnish",olives.jpeg,Olives,Leccino,,"seasoning, garnish",olives.jpeg,Olives,Manzanillo,,"seasoning, garnish",olives.jpeg,Olives,Mission,,"seasoning, garnish",olives.jpeg,Olives,Sevillano,,"seasoning, garnish",olives.jpeg,Onions,Green (Scallions),,vegetable,onions.jpeg,Onions,Leek,,vegetable,onions.jpeg,Onions,Pearl,,vegetable,onions.jpeg,Onions,Rakkyo,,"vegetable, asian",onions.jpeg,Onions,Red (Bermuda),,vegetable,onions.jpeg,Onions,Shallot,,vegetable,onions.jpeg,Onions,Sweet,,vegetable,onions.jpeg,Onions,White,,vegetable,onions.jpeg,Onions,Yellow (Brown),,vegetable,onions.jpeg,Oranges,Dream Navel,,"fruit, citrus",oranges_dreamnavel.jpeg,oranges_dreamnavel.jpegOranges,Hamlin,,"fruit, citrus",oranges_dreamnavel.jpeg,Oranges,Midsweet,,"fruit, citrus",oranges_dreamnavel.jpeg,Oranges,Parson Brown,,"fruit, citrus",oranges_dreamnavel.jpeg,Oranges,Pineapple,,"fruit, citrus",oranges_dreamnavel.jpeg,Oranges,Queen,,"fruit, citrus",oranges_dreamnavel.jpeg,Oranges,Summerfield Navel,,"fruit, citrus",oranges_dreamnavel.jpeg,Oranges,Valencia,,"fruit, citrus",oranges_dreamnavel.jpeg,Oranges,Washington Navel,,"fruit, citrus",oranges_dreamnavel.jpeg,Papayas,Green,,"fruit, tropical",papayas_red.jpeg,Papayas,Red,,"fruit, tropical",papayas_red.jpeg,papayas_red.jpegPapayas,Yellow,,"fruit, tropical",papayas_red.jpeg,Peaches,Doughnut,,fruit,papayas_red.jpeg,Peaches,Dwarf,,fruit,papayas_red.jpeg,Peaches,White,,fruit,papayas_red.jpeg,Peaches,Yellow,,fruit,papayas_red.jpeg,Pears,Anjou,Green,fruit,pears_anjou_green.jpeg,pears_anjou_green.jpegPears,Anjou,Red,fruit,pears_anjou_green.jpeg,Pears,Asian,,fruit,pears_anjou_green.jpeg,Pears,Bartlett,Green,fruit,pears_anjou_green.jpeg,Pears,Bartlett,Red,fruit,pears_anjou_green.jpeg,Pears,Bosc,,fruit,pears_anjou_green.jpeg,Pears,Comice,,fruit,pears_anjou_green.jpeg,Pears,Concorde,,fruit,pears_anjou_green.jpeg,Pears,Forelle,,fruit,pears_anjou_green.jpeg,Pears,Seckel,,fruit,pears_anjou_green.jpeg,Pears,Starkrimson,,fruit,pears_anjou_green.jpeg,Peas,Shelling,,vegetable,peas_shelling.jpeg,peas_shelling.jpegPeas,Snap,,vegetable,peas_shelling.jpeg,Peas,Snow,,vegetable,peas_shelling.jpeg,Peppers,Aji,,"garnish, seasoning, spicy, hot",peppers.jpeg,Peppers,Aji Cito,,"garnish, seasoning, spicy, hot",peppers.jpeg,Peppers,Ancho L,,"garnish, seasoning, spicy, hot",peppers.jpeg,Peppers,Baccio di Satana,,"garnish, seasoning, spicy, hot",peppers.jpeg,Peppers,Banana,,"garnish, seasoning, spicy, hot",peppers.jpeg,Peppers,Bangalore Torpedo,,"garnish, seasoning, spicy, hot",peppers.jpeg,Peppers,Bell,Green,vegetable,peppers.jpeg,Peppers,Bell,Orange,vegetable,peppers.jpeg,Peppers,Bell,Purple,vegetable,peppers.jpeg,Peppers,Bell,Red,vegetable,peppers.jpeg,Peppers,Bell,Yellow,vegetable,peppers.jpeg,Peppers,Cheiro,,"garnish, seasoning, spicy, hot",peppers.jpeg,Peppers,Chili Blanco,,"garnish, seasoning, spicy, hot",peppers.jpeg,Peppers,Chocolate Congo,,"garnish, seasoning, spicy, hot",peppers.jpeg,Peppers,Croome Chile,,"garnish, seasoning, spicy, hot",peppers.jpeg,Peppers,Cubanelle,,vegetable,peppers.jpeg,Peppers,Habanero,,"garnish, seasoning, spicy, hot",peppers.jpeg,Peppers,"Habanero, Chocolate",,"garnish, seasoning, spicy, hot",peppers.jpeg,Peppers,Jalapeno,,"garnish, seasoning, spicy, hot",peppers.jpeg,Peppers,"Jalapeno, Jumbo",,"garnish, seasoning, spicy, hot",peppers.jpeg,Peppers,"Jalapeno, Purple",,"garnish, seasoning, spicy, hot",peppers.jpeg,Peppers,Kerinting,,"garnish, seasoning, spicy, hot",peppers.jpeg,Peppers,Peter Pepper,,"garnish, seasoning, spicy, hot",peppers.jpeg,Peppers,Pimento,,vegetable,peppers.jpeg,Peppers,Piri Piri,,"garnish, seasoning, spicy, hot",peppers.jpeg,Peppers,Rocoto Yellow,,"garnish, seasoning, spicy, hot",peppers.jpeg,Peppers,Scotch Bonnet,,"garnish, seasoning, spicy, hot",peppers.jpeg,Peppers,Sweet Cherry,,vegetable,peppers.jpeg,Peppers,Yellow Mushroom,,"garnish, seasoning, spicy, hot",peppers.jpeg,Persimmons,Black,,"fruit, tropical",persimmons_fuyu.jpeg,Persimmons,Caucasian,,"fruit, tropical",persimmons_fuyu.jpeg,Persimmons,Cinnamon,,"fruit, tropical",persimmons_fuyu.jpeg,Persimmons,Fuyu,,"fruit, asian",persimmons_fuyu.jpeg,Persimmons,Hachiya,,"fruit, asian",persimmons_fuyu.jpeg,Persimmons,Sweet Pumpkin,,"fruit, tropical",persimmons_fuyu.jpeg,Pineapples,,,"fruit, tropical",pineapples.jpeg,Plums,Ariel,,fruit,plums_flavorking.jpeg,Plums,Avalon,,fruit,plums_flavorking.jpeg,Plums,Belle de Louvain,,fruit,plums_flavorking.jpeg,Plums,Blue Tit,,fruit,plums_flavorking.jpeg,Plums,Czar,,fruit,plums_flavorking.jpeg,Plums,Damson,,fruit,plums_flavorking.jpeg,Plums,Excalibur,,fruit,plums_flavorking.jpeg,Plums,Flavor King,,fruit,plums_flavorking.jpeg,plums_flavorking.jpegPlums,Greengage,,fruit,plums_flavorking.jpeg,Plums,Guinevere,,fruit,plums_flavorking.jpeg,Plums,Jubileum,,fruit,plums_flavorking.jpeg,Plums,Marjorie's Seedling,,fruit,plums_flavorking.jpeg,Plums,Opal,,fruit,plums_flavorking.jpeg,Plums,Pershore,,fruit,plums_flavorking.jpeg,Plums,President,,fruit,plums_flavorking.jpeg,Plums,Valor,,fruit,plums_flavorking.jpeg,Plums,Victoria,,fruit,plums_flavorking.jpeg,Pluots,,,fruit,pluots.jpeg,Pomegranates,Balegal,,fruit,pomegranates.jpeg,Pomegranates,Cloud,,fruit,pomegranates.jpeg,Pomegranates,Crab,,fruit,pomegranates.jpeg,Pomegranates,Francis,,fruit,pomegranates.jpeg,Pomegranates,Freshman,,fruit,pomegranates.jpeg,Pomegranates,Granada,,fruit,pomegranates.jpeg,Potatoes,Fingerling,,vegetable,potatoes.jpeg,Potatoes,Purple,,vegetable,potatoes.jpeg,Potatoes,Red,,vegetable,potatoes.jpeg,Potatoes,Sweet,,vegetable,potatoes.jpeg,Potatoes,Yam,,vegetable,potatoes.jpeg,Potatoes,Yellow,,vegetable,potatoes.jpeg,Radishes,Black Spanish,,vegetable,radishes_cherrybelle.jpeg,Radishes,Cherry Belle,,vegetable,radishes_cherrybelle.jpeg,radishes_cherrybelle.jpegRadishes,Daikon,,"vegetable, asian",radishes_cherrybelle.jpeg,Radishes,French Breakfast,,vegetable,radishes_cherrybelle.jpeg,Radishes,Purple,,vegetable,radishes_cherrybelle.jpeg,Radishes,Snow Belle,,vegetable,radishes_cherrybelle.jpeg,Roots,Burdock,,,roots_ginger.jpeg,Roots,Cassava (Tapioca),,,roots_ginger.jpeg,Roots,Celeriac,,,roots_ginger.jpeg,Roots,"Chicory, root",,,roots_ginger.jpeg,Roots,Cushcush,,,roots_ginger.jpeg,Roots,Ginger,,,roots_ginger.jpeg,roots_ginger.jpegRoots,Ginseng,,,roots_ginger.jpeg,Roots,Horseradish,,,roots_ginger.jpeg,Roots,Jicama,,,roots_ginger.jpeg,Roots,Kohlrabi,,,roots_ginger.jpeg,Roots,Lovage,,,roots_ginger.jpeg,Roots,Parsley root,,,roots_ginger.jpeg,Roots,Parsnip,,,roots_ginger.jpeg,Roots,Rampion,,,roots_ginger.jpeg,Roots,Rutabaga,,,roots_ginger.jpeg,Roots,Salsify,,,roots_ginger.jpeg,Roots,Sassafrass,,,roots_ginger.jpeg,Roots,Skirret,,,roots_ginger.jpeg,Roots,Taro,,,roots_ginger.jpeg,Roots,Tigernut (Chufa),,"tuber, nut",roots_ginger.jpeg,Seaweed,Bladderwrack,,,seaweed.jpeg,Seaweed,Dulse,,,seaweed.jpeg,Seaweed,Grapestone,,,seaweed.jpeg,Seaweed,Irish Moss,,,seaweed.jpeg,Seaweed,Kombu,,,seaweed.jpeg,Seaweed,Laver,,,seaweed.jpeg,Seaweed,Nori,,,seaweed.jpeg,Seaweed,Sea Grapes,,,seaweed.jpeg,Seaweed,Sea Lettuce,,,seaweed.jpeg,Seaweed,Sea Palm Fronds,,,seaweed.jpeg,Seaweed,Sea Whip Fronds,,,seaweed.jpeg,Seaweed,Spirulina,,,seaweed.jpeg,Seaweed,Wakame,,,seaweed.jpeg,Seeds,Alfalfa,,,seeds.jpeg,Seeds,Broccoli,,,seeds.jpeg,Seeds,Chia,,,seeds.jpeg,Seeds,Flax,,,seeds.jpeg,Seeds,Hemp,,,seeds.jpeg,Seeds,Lovage,,,seeds.jpeg,Seeds,Millet,,,seeds.jpeg,Seeds,Mung Bean,,,seeds.jpeg,Seeds,Mustard,,,seeds.jpeg,Seeds,Poppy,,,seeds.jpeg,Seeds,Pumpkin,,,seeds.jpeg,Seeds,Radish,,,seeds.jpeg,Seeds,Sesame,,,seeds.jpeg,Seeds,Soybean,,,seeds.jpeg,Seeds,Sunflower,,,seeds.jpeg,Seeds,Wheat,,,seeds.jpeg,Shell Beans,Black,,vegetable,shellbeans.jpeg,Shell Beans,Black Eye Pea,,vegetable,shellbeans.jpeg,Shell Beans,Garbanzo,,vegetable,shellbeans.jpeg,Shell Beans,Great Northern,,vegetable,shellbeans.jpeg,Shell Beans,Guar,,vegetable,shellbeans.jpeg,Shell Beans,"Kidney, Red",,vegetable,shellbeans.jpeg,Shell Beans,"Kidney, White",,vegetable,shellbeans.jpeg,Shell Beans,Lentil,,vegetable,shellbeans.jpeg,Shell Beans,"Mexican, Red",,vegetable,shellbeans.jpeg,Shell Beans,Navy,,vegetable,shellbeans.jpeg,Shell Beans,Pinto,,vegetable,shellbeans.jpeg,Shell Beans,Soy,,vegetable,shellbeans.jpeg,Spinach,Catalina,,"vegetable, leaf green",spinach_savoy.jpeg,Spinach,Indian Summer,,"vegetable, leaf green",spinach_savoy.jpeg,Spinach,Japanese,,"vegetable, leaf green, asian",spinach_savoy.jpeg,Spinach,Kangkong,,"vegetable, leaf green",spinach_savoy.jpeg,Spinach,Malabar,,"vegetable, leaf green",spinach_savoy.jpeg,Spinach,New Zealand,,"vegetable, leaf green",spinach_savoy.jpeg,Spinach,Orach (Mountain Spinach),,"vegetable, leaf green",spinach_savoy.jpeg,Spinach,River Spinach (Morning Glory),,"vegetable, leaf green, asian",spinach_savoy.jpeg,Spinach,Savoy,,"vegetable, leaf green",spinach_savoy.jpeg,spinach_savoy.jpegSpinach,Space,,"vegetable, leaf green",spinach_savoy.jpeg,Spinach,Teton,,"vegetable, leaf green",spinach_savoy.jpeg,Spinach,Tyee,,"vegetable, leaf green",spinach_savoy.jpeg,Sprouts,Alfalfa,,vegetable,sprouts.jpeg,Sprouts,Bamboo Shoots,,"vegetable, asian",sprouts.jpeg,Sprouts,Microgreens,,vegetable,sprouts.jpeg,Sprouts,Mung Bean,,vegetable,sprouts.jpeg,Sprouts,Soybean,,vegetable,sprouts.jpeg,Squash,Acorn,,vegetable,squash.jpeg,Squash,Ambercup,,vegetable,squash.jpeg,Squash,Autumn Cup,,vegetable,squash.jpeg,Squash,Banana,,vegetable,squash.jpeg,Squash,Butternut,,vegetable,squash.jpeg,Squash,Calabaza,,vegetable,squash.jpeg,Squash,Carnival,,vegetable,squash.jpeg,Squash,Cousa,,vegetable,squash.jpeg,Squash,Delicata,,vegetable,squash.jpeg,Squash,Fairytale,,vegetable,squash.jpeg,Squash,Gold Nugget,,vegetable,squash.jpeg,Squash,Hubbard,,vegetable,squash.jpeg,Squash,Kabocha,,vegetable,squash.jpeg,Squash,Luffa,,vegetable,squash.jpeg,Squash,Pattypan,,vegetable,squash.jpeg,Squash,Pumpkin,,vegetable,squash.jpeg,Squash,Spaghetti,,vegetable,squash.jpeg,Squash,Sweet Dumpling,,vegetable,squash.jpeg,Squash,Tromboncino,,vegetable,squash.jpeg,Squash,Turban,,vegetable,squash.jpeg,Squash,Yellow Crookneck,,vegetable,squash.jpeg,Squash,Yellow Summer,,vegetable,squash.jpeg,Squash,Zucchini,,vegetable,squash.jpeg,Swiss Chard,Golden,,"vegetable, leaf greens",swisschard.jpeg,Swiss Chard,Mixed,,"vegetable, leaf greens",swisschard.jpeg,Swiss Chard,Orange,,"vegetable, leaf greens",swisschard.jpeg,Swiss Chard,Pink,,"vegetable, leaf greens",swisschard.jpeg,Swiss Chard,Red,,"vegetable, leaf greens",swisschard.jpeg,Swiss Chard,White,,"vegetable, leaf greens",swisschard.jpeg,Tomatoes,Beefsteak,,fruit,tomatoes.jpeg,Tomatoes,Black,,fruit,tomatoes.jpeg,Tomatoes,Cherry,Orange,fruit,tomatoes.jpeg,Tomatoes,Cherry,Red,fruit,tomatoes.jpeg,Tomatoes,Cherry,Yellow,fruit,tomatoes.jpeg,Tomatoes,Green,,fruit,tomatoes.jpeg,Tomatoes,Heirloom,Large,fruit,tomatoes.jpeg,Tomatoes,Heirloom,Small,fruit,tomatoes.jpeg,Tomatoes,Husk,,fruit,tomatoes.jpeg,Tomatoes,Purple,,fruit,tomatoes.jpeg,Tomatoes,Roma,,fruit,tomatoes.jpeg,Tomatoes,Standard,,fruit,tomatoes.jpeg,Tomatoes,Tomatillo,,fruit,tomatoes.jpeg,Tomatoes,Tree,,fruit,tomatoes.jpeg,Turnips,Purple-Top White Globe,,vegetable,turnips_pgwt.jpeg,turnips_pgwt.jpegTurnips,Shogoin (Japanese),,vegetable,turnips_pgwt.jpeg,Turnips,Tokyo Cross,,vegetable,turnips_pgwt.jpeg,